{"content": {"suites": {"0": {"status": {"total_pass": 8, "total_skip": 0, "total_xpass": 0, "total_xfail": 0, "total_rerun": 0, "total_fail": 0, "total_error": 0}, "tests": {"0": {"status": "PASS", "message": "", "test_name": "test_step1", "rerun": "0"}, "1": {"status": "PASS", "message": "", "test_name": "test_step2", "rerun": "0"}, "2": {"status": "PASS", "message": "", "test_name": "test_step3", "rerun": "0"}, "3": {"status": "PASS", "message": "", "test_name": "test_step4", "rerun": "0"}, "4": {"status": "PASS", "message": "", "test_name": "test_step5", "rerun": "0"}, "5": {"status": "PASS", "message": "", "test_name": "test_step6", "rerun": "0"}, "6": {"status": "PASS", "message": "", "test_name": "test_step7", "rerun": "0"}, "7": {"status": "PASS", "message": "", "test_name": "test_step8", "rerun": "0"}}, "suite_name": "test_1.py"}}}, "date": "April 29, 2023", "start_time": 1682758543.5958073, "total_suite": 1, "status": "PASS", "status_list": {"pass": "8", "fail": "0", "skip": "0", "error": "0", "xpass": "0", "xfail": "0", "rerun": "0"}, "total_tests": "8"}